{
  "independent_target_results": {
    "random_forest": {
      "train_r2": 0.2202539459679742,
      "test_r2": -0.0033285771997499936,
      "train_rmse": 2.2892930234713122,
      "test_rmse": 2.5831439078456517,
      "overfitting_gap": 0.2235825231677242
    },
    "gradient_boosting": {
      "train_r2": 0.295333410505382,
      "test_r2": -0.029018014743671383,
      "train_rmse": 2.1762893275634747,
      "test_rmse": 2.6160045764686553,
      "overfitting_gap": 0.32435142524905336
    },
    "xgboost": {
      "train_r2": 0.39984131165146786,
      "test_r2": -0.025610866480257455,
      "train_rmse": 2.008435276454096,
      "test_rmse": 2.6116701014915975,
      "overfitting_gap": 0.4254521781317253
    },
    "lightgbm": {
      "train_r2": 0.32392765110521315,
      "test_r2": -0.02212945325196758,
      "train_rmse": 2.131676899454222,
      "test_rmse": 2.6072337055030723,
      "overfitting_gap": 0.34605710435718073
    },
    "ridge": {
      "train_r2": 0.010694517917480217,
      "test_r2": -0.0023677352005164742,
      "train_rmse": 2.578635752321062,
      "test_rmse": 2.5819067320486404,
      "overfitting_gap": 0.013062253117996692
    },
    "elastic_net": {
      "train_r2": 0.00018905437754546117,
      "test_r2": -0.00046279239156965524,
      "train_rmse": 2.5922909007807333,
      "test_rmse": 2.5794521819417358,
      "overfitting_gap": 0.0006518467691151164
    },
    "svr": {
      "train_r2": 0.1654623582842426,
      "test_r2": -0.02700977870730914,
      "train_rmse": 2.36836021568527,
      "test_rmse": 2.6134506268265087,
      "overfitting_gap": 0.19247213699155175
    }
  },
  "correlated_target_results": {
    "random_forest": {
      "train_r2": 0.7319919265943668,
      "test_r2": 0.5093190165871401,
      "train_rmse": 0.5923853788528772,
      "test_rmse": 0.8153720168724157,
      "overfitting_gap": 0.22267291000722678
    },
    "gradient_boosting": {
      "train_r2": 0.7071648200099174,
      "test_r2": 0.5262474834673949,
      "train_rmse": 0.6192157828713039,
      "test_rmse": 0.8011834215098097,
      "overfitting_gap": 0.1809173365425225
    },
    "xgboost": {
      "train_r2": 0.722352898426468,
      "test_r2": 0.5268762958003687,
      "train_rmse": 0.6029439815204367,
      "test_rmse": 0.8006515390590764,
      "overfitting_gap": 0.19547660262609934
    },
    "lightgbm": {
      "train_r2": 0.7008582429568961,
      "test_r2": 0.5260874835407637,
      "train_rmse": 0.6258480631139028,
      "test_rmse": 0.8013187014953573,
      "overfitting_gap": 0.1747707594161324
    },
    "ridge": {
      "train_r2": 0.5696328671856788,
      "test_r2": 0.5487935303535516,
      "train_rmse": 0.7506715225680793,
      "test_rmse": 0.7818867403616554,
      "overfitting_gap": 0.020839336832127242
    },
    "elastic_net": {
      "train_r2": 0.5472785755388587,
      "test_r2": 0.5403575300505288,
      "train_rmse": 0.7699205580560204,
      "test_rmse": 0.7891621802404027,
      "overfitting_gap": 0.006921045488329947
    },
    "svr": {
      "train_r2": 0.7061979157164521,
      "test_r2": 0.5010621076320803,
      "train_rmse": 0.6202372260379488,
      "test_rmse": 0.8222037120630902,
      "overfitting_gap": 0.20513580808437182
    }
  },
  "summary": {
    "avg_independent_r2": -0.01570388828214881,
    "max_independent_r2": -0.00046279239156965524,
    "min_independent_r2": -0.029018014743671383,
    "avg_correlated_r2": 0.5255347782045469,
    "max_correlated_r2": 0.5487935303535516,
    "min_correlated_r2": 0.5010621076320803,
    "data_leakage_suspected": 