{
  "ensemble_test": {
    "test_r2": -0.2724447903687144,
    "test_rmse": 0.17710201443292486,
    "test_mae": 0.1439681082459187,
    "model_count": 6,
    "weights": {
      "neural_net_1": 0.20045279151592113,
      "neural_net_2": 0.2086974449639999,
      "random_forest": 0.17578932177401901,
      "gradient_boosting": 0.19462342509580816,
      "ridge": 0.2204370166502518,
      "lasso": 0.0
    }
  }
}