{
  "final_model_test": {
    "test_r2": -0.2197654410471508,
    "test_rmse": 0.1733972435621162,
    "test_mae": 0.14064447482312495,
    "model_count": 5,
    "weights": {
      "neural_net_1": 0.19064978322934514,
      "neural_net_2": 0.21461432022015253,
      "random_forest": 0.17694552210093767,
      "gradient_boosting": 0.19590350095849948,
      "ridge": 0.22188687349106512
    }
  }
}