{
  "model_results": {
    "random_forest": {
      "train_r2": 0.19841574311882382,
      "test_r2": -0.0054718136130913475,
      "train_rmse": 2.3211295549499678,
      "test_rmse": 2.5859013966738744,
      "overfitting_gap": 0.20388755673191516
    },
    "gradient_boosting": {
      "train_r2": 0.2675052895700365,
      "test_r2": -0.035155599940912774,
      "train_rmse": 2.218845374196192,
      "test_rmse": 2.6237945667365747,
      "overfitting_gap": 0.30266088951094927
    },
    "xgboost": {
      "train_r2": 0.3566062630297535,
      "test_r2": -0.03650866360222893,
      "train_rmse": 2.0795205021182164,
      "test_rmse": 2.6255088026093305,
      "overfitting_gap": 0.39311492663198244
    },
    "lightgbm": {
      "train_r2": 0.26884875500104366,
      "test_r2": -0.027617185545702583,
      "train_rmse": 2.216809652912002,
      "test_rmse": 2.6142233522526825,
      "overfitting_gap": 0.29646594054674624
    },
    "ridge": {
      "train_r2": 0.005130732287120132,
      "test_r2": -0.006250993018883877,
      "train_rmse": 2.585876620650608,
      "test_rmse": 2.586903160664207,
      "overfitting_gap": 0.011381725306004009
    },
    "elastic_net": {
      "train_r2": 3.13035483958668e-05,
      "test_r2": -0.00046131888186229375,
      "train_rmse": 2.592495399396951,
      "test_rmse": 2.5794502823962167,
      "overfitting_gap": 0.0004926224302581605
    },
    "svr": {
      "train_r2": 0.06864951409793063,
      "test_r2": -0.03041778177888288,
      "train_rmse": 2.5019657756765916,
      "test_rmse": 2.6177832394676477,
      "overfitting_gap": 0.09906729587681351
    }
  },
  "summary": {
    "avg_test_r2": -0.020269050911652098,
    "max_test_r2": -0.00046131888186229375,
    "min_test_r2": -0.03650866360222893,
    "data_leakage_suspected": 