{
  "real_data_test": {
    "val_r2": 0.25345383069323313,
    "test_r2": 0.24819493036272988,
    "test_rmse": 0.13613088020052191,
    "test_mae": 0.10935514500488838,
    "data_source": "Simulated",
    "sample_count": 5000
  }
}