{
  "ensemble_results": null,
  "individual_models": {
    "random_forest": {
      "cv_mean": 0.05477661048685478,
      "cv_std": 0.004504159386055423
    },
    "gradient_boosting": {
      "cv_mean": 0.07818779093954156,
      "cv_std": 0.010618310629441623
    },
    "xgboost": {
      "cv_mean": 0.07628611653622511,
      "cv_std": 0.009398825644411348
    },
    "lightgbm": {
      "cv_mean": 0.08281108357395892,
      "cv_std": 0.008858834482678025
    },
    "ridge": {
      "cv_mean": 0.10177882401969703,
      "cv_std": 0.007877454336503147
    },
    "elastic_net": {
      "cv_mean": -0.00034941189950572494,
      "cv_std": 0.00035684354337432456
    },
    "svr": {
      "cv_mean": 0.09201468747555719,
      "cv_std": 0.004180953077934842
    }
  },
  "stable_models": [],
  "cv_scores": {
    "random_forest": {
      "mean": 0.05477661048685478,
      "std": 0.004504159386055423,
      "scores": [
        0.056997558465506026,
        0.05514649007502226,
        0.050661382032893276,
        0.06179464156195236,
        0.04928298029889999
      ]
    },
    "gradient_boosting": {
      "mean": 0.07818779093954156,
      "std": 0.010618310629441623,
      "scores": [
        0.07906780283088832,
        0.09114883215302305,
        0.06528930281891265,
        0.08839743496805241,
        0.06703558192683134
      ]
    },
    "xgboost": {
      "mean": 0.07628611653622511,
      "std": 0.009398825644411348,
      "scores": [
        0.08399736050148876,
        0.08182035564487689,
        0.06143735853483412,
        0.08514466631288609,
        0.06903084168703966
      ]
    },
    "lightgbm": {
      "mean": 0.08281108357395892,
      "std": 0.008858834482678025,
      "scores": [
        0.07980787673898737,
        0.08687472877103886,
        0.07538647591162095,
        0.09806557796685944,
        0.07392075848128798
      ]
    },
    "ridge": {
      "mean": 0.10177882401969703,
      "std": 0.007877454336503147,
      "scores": [
        0.10465307669748569,
        0.10320664929912093,
        0.09151643279152866,
        0.11416355613124429,
        0.09535440517910554
      ]
    },
    "elastic_net": {
      "mean": -0.00034941189950572494,
      "std": 0.00035684354337432456,
      "scores": [
        -0.0004088736518006453,
        -8.669663445104447e-05,
        -0.0001342409203615169,
        -0.0010224632790927224,
        -9.478501182269561e-05
      ]
    },
    "svr": {
      "mean": 0.09201468747555719,
      "std": 0.004180953077934842,
      "scores": [
        0.09433001115543438,
        0.09762952078272036,
        0.08579854651512464,
        0.09343862580970796,
        0.0888767331147986
      ]
    }
  },
  "data_info": {
    "n_samples": 10000,
    "n_features": 70,
    "n_models": 7,
    "n_stable_models": 0
  }
}