{
  "best_params": {
    "hidden_dim": 256,
    "dropout_rate": 0.34512494660859583,
    "lr": 0.009928354310630003,
    "weight_decay": 0.0009891735267657197
  },
  "best_val_r2": 0.9454936541723852,
  "final_val_r2": 0.9440063946631422,
  "test_r2": 0.9447408077942367,
  "test_rmse": 0.028639632624389993,
  "test_mae": 0.02291742577403784,
  "model_architecture": {
    "hidden_dim": 256,
    "dropout_rate": 0.34512494660859583
  }
}